{
    "accuracy": 0.9296875,
    "precision": 0.8880494505494505,
    "recall": 0.9402842809364549,
    "f1_score": 0.9126247741476852
}