{
    "accuracy": 0.9504878048780488,
    "precision": 0.9278861788617885,
    "recall": 0.9195121951219512,
    "f1_score": 0.9265853658536585
}